{"cameraMode":{"drawMode":0,"name":"Shaded","section":"Shading Mode"},"sceneLighting":false,"audioPlay":false,"sceneViewState":{"m_AlwaysRefresh":false,"showFog":true,"showSkybox":false,"showFlares":true,"showImageEffects":true,"showParticleSystems":true,"showVisualEffectGraphs":true,"m_FxEnabled":true},"in2DMode":false,"pivot":{"x":-0.39497625827789309,"y":0.10465051978826523,"z":1.1920928955078126e-7},"rotation":{"x":0.06826525926589966,"y":-0.9317920804023743,"z":0.25367462635040285,"w":0.2506594955921173},"size":1.0457080602645875,"orthographic":false}