{"cameraMode":{"drawMode":0,"name":"Shaded","section":"Shading Mode"},"sceneLighting":true,"audioPlay":false,"sceneViewState":{"m_AlwaysRefresh":false,"showFog":true,"showSkybox":true,"showFlares":true,"showImageEffects":true,"showParticleSystems":true,"showVisualEffectGraphs":true,"m_FxEnabled":true},"in2DMode":false,"pivot":{"x":-0.05999999865889549,"y":0.2199999988079071,"z":-4.21999979019165},"rotation":{"x":0.46206483244895937,"y":0.00397507892921567,"z":-0.002102412050589919,"w":0.8868765830993652},"size":2.0584402084350588,"orthographic":true}