{"cameraMode":{"drawMode":0,"name":"Shaded","section":"Shading Mode"},"sceneLighting":true,"audioPlay":false,"sceneViewState":{"m_AlwaysRefresh":false,"showFog":true,"showSkybox":true,"showFlares":true,"showImageEffects":true,"showParticleSystems":true,"showVisualEffectGraphs":true,"m_FxEnabled":true},"in2DMode":false,"pivot":{"x":-5.308492660522461,"y":1.094477653503418,"z":2.112231731414795},"rotation":{"x":0.6963937878608704,"y":-0.007530862465500832,"z":0.007314958609640598,"w":0.7176050543785095},"size":5.676741123199463,"orthographic":false}