{"cameraMode":{"drawMode":0,"name":"Shaded","section":"Shading Mode"},"sceneLighting":true,"audioPlay":false,"sceneViewState":{"m_AlwaysRefresh":false,"showFog":true,"showSkybox":true,"showFlares":true,"showImageEffects":true,"showParticleSystems":true,"showVisualEffectGraphs":true,"m_FxEnabled":true},"in2DMode":false,"pivot":{"x":-0.1300000548362732,"y":0.2199999988079071,"z":-4.150000095367432},"rotation":{"x":0.42900797724723818,"y":0.005421412643045187,"z":-0.0025737094692885877,"w":0.9032905697822571},"size":5.032017230987549,"orthographic":false}