{"cameraMode":{"drawMode":0,"name":"Shaded","section":"Shading Mode"},"sceneLighting":true,"audioPlay":false,"sceneViewState":{"m_AlwaysRefresh":false,"showFog":true,"showSkybox":true,"showFlares":true,"showImageEffects":true,"showParticleSystems":true,"showVisualEffectGraphs":true,"m_FxEnabled":true},"in2DMode":false,"pivot":{"x":-1.7145862579345704,"y":-0.2565087080001831,"z":-0.3387413024902344},"rotation":{"x":0.012893452309072018,"y":-0.025494204834103586,"z":0.0003341191331855953,"w":0.9996103048324585},"size":12.124356269836426,"orthographic":false}