{"cameraMode":{"drawMode":0,"name":"Shaded","section":"Shading Mode"},"sceneLighting":false,"audioPlay":false,"sceneViewState":{"m_AlwaysRefresh":false,"showFog":true,"showSkybox":false,"showFlares":true,"showImageEffects":true,"showParticleSystems":true,"showVisualEffectGraphs":true,"m_FxEnabled":true},"in2DMode":false,"pivot":{"x":-0.08798915147781372,"y":0.2051117867231369,"z":2.625234365463257},"rotation":{"x":0.010409409180283547,"y":-0.9844039082527161,"z":0.06240623816847801,"w":0.1642129123210907},"size":2.1296796798706056,"orthographic":false}