{"cameraMode":{"drawMode":0,"name":"Shaded","section":"Shading Mode"},"sceneLighting":false,"audioPlay":false,"sceneViewState":{"m_AlwaysRefresh":false,"showFog":true,"showSkybox":false,"showFlares":true,"showImageEffects":true,"showParticleSystems":true,"showVisualEffectGraphs":true,"m_FxEnabled":true},"in2DMode":false,"pivot":{"x":-0.08798915147781372,"y":0.2051117867231369,"z":2.625234365463257},"rotation":{"x":0.5367897748947144,"y":0.03920198231935501,"z":-0.024972176179289819,"w":0.8424456119537354},"size":0.4448244869709015,"orthographic":false}