{"cameraMode":{"drawMode":0,"name":"Shaded","section":"Shading Mode"},"sceneLighting":false,"audioPlay":false,"sceneViewState":{"m_AlwaysRefresh":false,"showFog":true,"showSkybox":false,"showFlares":true,"showImageEffects":true,"showParticleSystems":true,"showVisualEffectGraphs":true,"m_FxEnabled":true},"in2DMode":false,"pivot":{"x":-0.021807551383972169,"y":0.37524574995040896,"z":-0.00614476203918457},"rotation":{"x":0.06834392994642258,"y":0.007484128698706627,"z":-0.0005081810522824526,"w":0.9976511597633362},"size":1.3327550888061524,"orthographic":false}